InvoiceId,CustomerId,BillingAddress,BillingCity
1,2,Theodor-Heuss-Straße 34,Stuttgart
2,4,Ullevålsveien 14,Oslo
3,8,Grétrystraat 63,Brussels
4,14,8210 111 ST NW,Edmonton
5,23,69 Salem Street,Boston
6,37,Berger Straße 10,Frankfurt
7,38,Barbarossastraße 19,Berlin
8,40,"8, Rue Hanovre",Paris
9,42,"9, Place Louis Barthou",Bordeaux
10,46,3 Chatham Street,Dublin
11,52,202 Hoxton Street,London
12,2,Theodor-Heuss-Straße 34,Stuttgart
13,16,1600 Amphitheatre Parkway,Mountain View
14,17,1 Microsoft Way,Redmond
15,19,1 Infinite Loop,Cupertino
16,21,801 W 4th Street,Reno
17,25,319 N. Frances Street,Madison
18,31,194A Chain Lake Drive,Halifax
19,40,"8, Rue Hanovre",Paris
20,54,110 Raeburn Pl,Edinburgh 
21,55,421 Bourke Street,Sidney
22,57,"Calle Lira, 198",Santiago
23,59,"3,Raj Bhavan Road",Bangalore
24,4,Ullevålsveien 14,Oslo
25,10,"Rua Dr. Falcão Filho, 155",São Paulo
26,19,1 Infinite Loop,Cupertino
27,33,5112 48 Street,Yellowknife
28,34,Rua da Assunção 53,Lisbon
29,36,Tauentzienstraße 8,Berlin
30,38,Barbarossastraße 19,Berlin
31,42,"9, Place Louis Barthou",Bordeaux
32,48,Lijnbaansgracht 120bg,Amsterdam
33,57,"Calle Lira, 198",Santiago
34,12,"Praça Pio X, 119",Rio de Janeiro
35,13,Qe 7 Bloco G,Brasília
36,15,700 W Pender Street,Vancouver
37,17,1 Microsoft Way,Redmond
38,21,801 W 4th Street,Reno
39,27,1033 N Park Ave,Tucson
40,36,Tauentzienstraße 8,Berlin
41,50,C/ San Bernardo 85,Madrid
42,51,Celsiusg. 9,Stockholm
43,53,113 Lupus St,London
44,55,421 Bourke Street,Sidney
45,59,"3,Raj Bhavan Road",Bangalore
46,6,Rilská 3174/6,Prague
47,15,700 W Pender Street,Vancouver
48,29,796 Dundas Street West,Toronto
49,30,230 Elgin Street,Ottawa
50,32,696 Osborne Street,Winnipeg
51,34,Rua da Assunção 53,Lisbon
52,38,Barbarossastraße 19,Berlin
53,44,Porthaninkatu 9,Helsinki
54,53,113 Lupus St,London
55,8,Grétrystraat 63,Brussels
56,9,Sønder Boulevard 51,Copenhagen
57,11,"Av. Paulista, 2022",São Paulo
58,13,Qe 7 Bloco G,Brasília
59,17,1 Microsoft Way,Redmond
60,23,69 Salem Street,Boston
61,32,696 Osborne Street,Winnipeg
62,46,3 Chatham Street,Dublin
63,47,"Via Degli Scipioni, 43",Rome
64,49,Ordynacka 10,Warsaw
65,51,Celsiusg. 9,Stockholm
66,55,421 Bourke Street,Sidney
67,2,Theodor-Heuss-Straße 34,Stuttgart
68,11,"Av. Paulista, 2022",São Paulo
69,25,319 N. Frances Street,Madison
70,26,2211 W Berry Street,Fort Worth
71,28,302 S 700 E,Salt Lake City
72,30,230 Elgin Street,Ottawa
73,34,Rua da Assunção 53,Lisbon
74,40,"8, Rue Hanovre",Paris
75,49,Ordynacka 10,Warsaw
76,4,Ullevålsveien 14,Oslo
77,5,Klanova 9/506,Prague
78,7,"Rotenturmstraße 4, 1010 Innere Stadt",Vienne
79,9,Sønder Boulevard 51,Copenhagen
80,13,Qe 7 Bloco G,Brasília
81,19,1 Infinite Loop,Cupertino
82,28,302 S 700 E,Salt Lake City
83,42,"9, Place Louis Barthou",Bordeaux
84,43,"68, Rue Jouvence",Dijon
85,45,Erzsébet krt. 58.,Budapest
86,47,"Via Degli Scipioni, 43",Rome
87,51,Celsiusg. 9,Stockholm
88,57,"Calle Lira, 198",Santiago
89,7,"Rotenturmstraße 4, 1010 Innere Stadt",Vienne
90,21,801 W 4th Street,Reno
91,22,120 S Orange Ave,Orlando
92,24,162 E Superior Street,Chicago
93,26,2211 W Berry Street,Fort Worth
94,30,230 Elgin Street,Ottawa
95,36,Tauentzienstraße 8,Berlin
96,45,Erzsébet krt. 58.,Budapest
97,59,"3,Raj Bhavan Road",Bangalore
98,1,"Av. Brigadeiro Faria Lima, 2170",São José dos Campos
99,3,1498 rue Bélanger,Montréal
100,5,Klanova 9/506,Prague
101,9,Sønder Boulevard 51,Copenhagen
102,15,700 W Pender Street,Vancouver
103,24,162 E Superior Street,Chicago
104,38,Barbarossastraße 19,Berlin
105,39,"4, Rue Milton",Paris
106,41,"11, Place Bellecour",Lyon
107,43,"68, Rue Jouvence",Dijon
108,47,"Via Degli Scipioni, 43",Rome
109,53,113 Lupus St,London
110,3,1498 rue Bélanger,Montréal
111,17,1 Microsoft Way,Redmond
112,18,627 Broadway,New York
113,20,541 Del Medio Avenue,Mountain View
114,22,120 S Orange Ave,Orlando
115,26,2211 W Berry Street,Fort Worth
116,32,696 Osborne Street,Winnipeg
117,41,"11, Place Bellecour",Lyon
118,55,421 Bourke Street,Sidney
119,56,307 Macacha Güemes,Buenos Aires
120,58,"12,Community Centre",Delhi
121,1,"Av. Brigadeiro Faria Lima, 2170",São José dos Campos
122,5,Klanova 9/506,Prague
123,11,"Av. Paulista, 2022",São Paulo
124,20,541 Del Medio Avenue,Mountain View
125,34,Rua da Assunção 53,Lisbon
126,35,"Rua dos Campeões Europeus de Viena, 4350",Porto
127,37,Berger Straße 10,Frankfurt
128,39,"4, Rue Milton",Paris
129,43,"68, Rue Jouvence",Dijon
130,49,Ordynacka 10,Warsaw
131,58,"12,Community Centre",Delhi
132,13,Qe 7 Bloco G,Brasília
133,14,8210 111 ST NW,Edmonton
134,16,1600 Amphitheatre Parkway,Mountain View
135,18,627 Broadway,New York
136,22,120 S Orange Ave,Orlando
137,28,302 S 700 E,Salt Lake City
138,37,Berger Straße 10,Frankfurt
139,51,Celsiusg. 9,Stockholm
140,52,202 Hoxton Street,London
141,54,110 Raeburn Pl,Edinburgh 
142,56,307 Macacha Güemes,Buenos Aires
143,1,"Av. Brigadeiro Faria Lima, 2170",São José dos Campos
144,7,"Rotenturmstraße 4, 1010 Innere Stadt",Vienne
145,16,1600 Amphitheatre Parkway,Mountain View
146,30,230 Elgin Street,Ottawa
147,31,194A Chain Lake Drive,Halifax
148,33,5112 48 Street,Yellowknife
149,35,"Rua dos Campeões Europeus de Viena, 4350",Porto
150,39,"4, Rue Milton",Paris
151,45,Erzsébet krt. 58.,Budapest
152,54,110 Raeburn Pl,Edinburgh 
153,9,Sønder Boulevard 51,Copenhagen
154,10,"Rua Dr. Falcão Filho, 155",São Paulo
155,12,"Praça Pio X, 119",Rio de Janeiro
156,14,8210 111 ST NW,Edmonton
157,18,627 Broadway,New York
158,24,162 E Superior Street,Chicago
159,33,5112 48 Street,Yellowknife
160,47,"Via Degli Scipioni, 43",Rome
161,48,Lijnbaansgracht 120bg,Amsterdam
162,50,C/ San Bernardo 85,Madrid
163,52,202 Hoxton Street,London
164,56,307 Macacha Güemes,Buenos Aires
165,3,1498 rue Bélanger,Montréal
166,12,"Praça Pio X, 119",Rio de Janeiro
167,26,2211 W Berry Street,Fort Worth
168,27,1033 N Park Ave,Tucson
169,29,796 Dundas Street West,Toronto
170,31,194A Chain Lake Drive,Halifax
171,35,"Rua dos Campeões Europeus de Viena, 4350",Porto
172,41,"11, Place Bellecour",Lyon
173,50,C/ San Bernardo 85,Madrid
174,5,Klanova 9/506,Prague
175,6,Rilská 3174/6,Prague
176,8,Grétrystraat 63,Brussels
177,10,"Rua Dr. Falcão Filho, 155",São Paulo
178,14,8210 111 ST NW,Edmonton
179,20,541 Del Medio Avenue,Mountain View
180,29,796 Dundas Street West,Toronto
181,43,"68, Rue Jouvence",Dijon
182,44,Porthaninkatu 9,Helsinki
183,46,3 Chatham Street,Dublin
184,48,Lijnbaansgracht 120bg,Amsterdam
185,52,202 Hoxton Street,London
186,58,"12,Community Centre",Delhi
187,8,Grétrystraat 63,Brussels
188,22,120 S Orange Ave,Orlando
189,23,69 Salem Street,Boston
190,25,319 N. Frances Street,Madison
191,27,1033 N Park Ave,Tucson
192,31,194A Chain Lake Drive,Halifax
193,37,Berger Straße 10,Frankfurt
194,46,3 Chatham Street,Dublin
195,1,"Av. Brigadeiro Faria Lima, 2170",São José dos Campos
196,2,Theodor-Heuss-Straße 34,Stuttgart
197,4,Ullevålsveien 14,Oslo
198,6,Rilská 3174/6,Prague
199,10,"Rua Dr. Falcão Filho, 155",São Paulo
200,16,1600 Amphitheatre Parkway,Mountain View
201,25,319 N. Frances Street,Madison
202,39,"4, Rue Milton",Paris
203,40,"8, Rue Hanovre",Paris
204,42,"9, Place Louis Barthou",Bordeaux
205,44,Porthaninkatu 9,Helsinki
206,48,Lijnbaansgracht 120bg,Amsterdam
207,54,110 Raeburn Pl,Edinburgh 
208,4,Ullevålsveien 14,Oslo
209,18,627 Broadway,New York
210,19,1 Infinite Loop,Cupertino
211,21,801 W 4th Street,Reno
212,23,69 Salem Street,Boston
213,27,1033 N Park Ave,Tucson
214,33,5112 48 Street,Yellowknife
215,42,"9, Place Louis Barthou",Bordeaux
216,56,307 Macacha Güemes,Buenos Aires
217,57,"Calle Lira, 198",Santiago
218,59,"3,Raj Bhavan Road",Bangalore
219,2,Theodor-Heuss-Straße 34,Stuttgart
220,6,Rilská 3174/6,Prague
221,12,"Praça Pio X, 119",Rio de Janeiro
222,21,801 W 4th Street,Reno
223,35,"Rua dos Campeões Europeus de Viena, 4350",Porto
224,36,Tauentzienstraße 8,Berlin
225,38,Barbarossastraße 19,Berlin
226,40,"8, Rue Hanovre",Paris
227,44,Porthaninkatu 9,Helsinki
228,50,C/ San Bernardo 85,Madrid
229,59,"3,Raj Bhavan Road",Bangalore
230,14,8210 111 ST NW,Edmonton
231,15,700 W Pender Street,Vancouver
232,17,1 Microsoft Way,Redmond
233,19,1 Infinite Loop,Cupertino
234,23,69 Salem Street,Boston
235,29,796 Dundas Street West,Toronto
236,38,Barbarossastraße 19,Berlin
237,52,202 Hoxton Street,London
238,53,113 Lupus St,London
239,55,421 Bourke Street,Sidney
240,57,"Calle Lira, 198",Santiago
241,2,Theodor-Heuss-Straße 34,Stuttgart
242,8,Grétrystraat 63,Brussels
243,17,1 Microsoft Way,Redmond
244,31,194A Chain Lake Drive,Halifax
245,32,696 Osborne Street,Winnipeg
246,34,Rua da Assunção 53,Lisbon
247,36,Tauentzienstraße 8,Berlin
248,40,"8, Rue Hanovre",Paris
249,46,3 Chatham Street,Dublin
250,55,421 Bourke Street,Sidney
251,10,"Rua Dr. Falcão Filho, 155",São Paulo
252,11,"Av. Paulista, 2022",São Paulo
253,13,Qe 7 Bloco G,Brasília
254,15,700 W Pender Street,Vancouver
255,19,1 Infinite Loop,Cupertino
256,25,319 N. Frances Street,Madison
257,34,Rua da Assunção 53,Lisbon
258,48,Lijnbaansgracht 120bg,Amsterdam
259,49,Ordynacka 10,Warsaw
260,51,Celsiusg. 9,Stockholm
261,53,113 Lupus St,London
262,57,"Calle Lira, 198",Santiago
263,4,Ullevålsveien 14,Oslo
264,13,Qe 7 Bloco G,Brasília
265,27,1033 N Park Ave,Tucson
266,28,302 S 700 E,Salt Lake City
267,30,230 Elgin Street,Ottawa
268,32,696 Osborne Street,Winnipeg
269,36,Tauentzienstraße 8,Berlin
270,42,"9, Place Louis Barthou",Bordeaux
271,51,Celsiusg. 9,Stockholm
272,6,Rilská 3174/6,Prague
273,7,"Rotenturmstraße 4, 1010 Innere Stadt",Vienne
274,9,Sønder Boulevard 51,Copenhagen
275,11,"Av. Paulista, 2022",São Paulo
276,15,700 W Pender Street,Vancouver
277,21,801 W 4th Street,Reno
278,30,230 Elgin Street,Ottawa
279,44,Porthaninkatu 9,Helsinki
280,45,Erzsébet krt. 58.,Budapest
281,47,"Via Degli Scipioni, 43",Rome
282,49,Ordynacka 10,Warsaw
283,53,113 Lupus St,London
284,59,"3,Raj Bhavan Road",Bangalore
285,9,Sønder Boulevard 51,Copenhagen
286,23,69 Salem Street,Boston
287,24,162 E Superior Street,Chicago
288,26,2211 W Berry Street,Fort Worth
289,28,302 S 700 E,Salt Lake City
290,32,696 Osborne Street,Winnipeg
291,38,Barbarossastraße 19,Berlin
292,47,"Via Degli Scipioni, 43",Rome
293,2,Theodor-Heuss-Straße 34,Stuttgart
294,3,1498 rue Bélanger,Montréal
295,5,Klanova 9/506,Prague
296,7,"Rotenturmstraße 4, 1010 Innere Stadt",Vienne
297,11,"Av. Paulista, 2022",São Paulo
298,17,1 Microsoft Way,Redmond
299,26,2211 W Berry Street,Fort Worth
300,40,"8, Rue Hanovre",Paris
301,41,"11, Place Bellecour",Lyon
302,43,"68, Rue Jouvence",Dijon
303,45,Erzsébet krt. 58.,Budapest
304,49,Ordynacka 10,Warsaw
305,55,421 Bourke Street,Sidney
306,5,Klanova 9/506,Prague
307,19,1 Infinite Loop,Cupertino
308,20,541 Del Medio Avenue,Mountain View
309,22,120 S Orange Ave,Orlando
310,24,162 E Superior Street,Chicago
311,28,302 S 700 E,Salt Lake City
312,34,Rua da Assunção 53,Lisbon
313,43,"68, Rue Jouvence",Dijon
314,57,"Calle Lira, 198",Santiago
315,58,"12,Community Centre",Delhi
316,1,"Av. Brigadeiro Faria Lima, 2170",São José dos Campos
317,3,1498 rue Bélanger,Montréal
318,7,"Rotenturmstraße 4, 1010 Innere Stadt",Vienne
319,13,Qe 7 Bloco G,Brasília
320,22,120 S Orange Ave,Orlando
321,36,Tauentzienstraße 8,Berlin
322,37,Berger Straße 10,Frankfurt
323,39,"4, Rue Milton",Paris
324,41,"11, Place Bellecour",Lyon
325,45,Erzsébet krt. 58.,Budapest
326,51,Celsiusg. 9,Stockholm
327,1,"Av. Brigadeiro Faria Lima, 2170",São José dos Campos
328,15,700 W Pender Street,Vancouver
329,16,1600 Amphitheatre Parkway,Mountain View
330,18,627 Broadway,New York
331,20,541 Del Medio Avenue,Mountain View
332,24,162 E Superior Street,Chicago
333,30,230 Elgin Street,Ottawa
334,39,"4, Rue Milton",Paris
335,53,113 Lupus St,London
336,54,110 Raeburn Pl,Edinburgh 
337,56,307 Macacha Güemes,Buenos Aires
338,58,"12,Community Centre",Delhi
339,3,1498 rue Bélanger,Montréal
340,9,Sønder Boulevard 51,Copenhagen
341,18,627 Broadway,New York
342,32,696 Osborne Street,Winnipeg
343,33,5112 48 Street,Yellowknife
344,35,"Rua dos Campeões Europeus de Viena, 4350",Porto
345,37,Berger Straße 10,Frankfurt
346,41,"11, Place Bellecour",Lyon
347,47,"Via Degli Scipioni, 43",Rome
348,56,307 Macacha Güemes,Buenos Aires
349,11,"Av. Paulista, 2022",São Paulo
350,12,"Praça Pio X, 119",Rio de Janeiro
351,14,8210 111 ST NW,Edmonton
352,16,1600 Amphitheatre Parkway,Mountain View
353,20,541 Del Medio Avenue,Mountain View
354,26,2211 W Berry Street,Fort Worth
355,35,"Rua dos Campeões Europeus de Viena, 4350",Porto
356,49,Ordynacka 10,Warsaw
357,50,C/ San Bernardo 85,Madrid
358,52,202 Hoxton Street,London
359,54,110 Raeburn Pl,Edinburgh 
360,58,"12,Community Centre",Delhi
361,5,Klanova 9/506,Prague
362,14,8210 111 ST NW,Edmonton
363,28,302 S 700 E,Salt Lake City
364,29,796 Dundas Street West,Toronto
365,31,194A Chain Lake Drive,Halifax
366,33,5112 48 Street,Yellowknife
367,37,Berger Straße 10,Frankfurt
368,43,"68, Rue Jouvence",Dijon
369,52,202 Hoxton Street,London
370,7,"Rotenturmstraße 4, 1010 Innere Stadt",Vienne
371,8,Grétrystraat 63,Brussels
372,10,"Rua Dr. Falcão Filho, 155",São Paulo
373,12,"Praça Pio X, 119",Rio de Janeiro
374,16,1600 Amphitheatre Parkway,Mountain View
375,22,120 S Orange Ave,Orlando
376,31,194A Chain Lake Drive,Halifax
377,45,Erzsébet krt. 58.,Budapest
378,46,3 Chatham Street,Dublin
379,48,Lijnbaansgracht 120bg,Amsterdam
380,50,C/ San Bernardo 85,Madrid
381,54,110 Raeburn Pl,Edinburgh 
382,1,"Av. Brigadeiro Faria Lima, 2170",São José dos Campos
383,10,"Rua Dr. Falcão Filho, 155",São Paulo
384,24,162 E Superior Street,Chicago
385,25,319 N. Frances Street,Madison
386,27,1033 N Park Ave,Tucson
387,29,796 Dundas Street West,Toronto
388,33,5112 48 Street,Yellowknife
389,39,"4, Rue Milton",Paris
390,48,Lijnbaansgracht 120bg,Amsterdam
391,3,1498 rue Bélanger,Montréal
392,4,Ullevålsveien 14,Oslo
393,6,Rilská 3174/6,Prague
394,8,Grétrystraat 63,Brussels
395,12,"Praça Pio X, 119",Rio de Janeiro
396,18,627 Broadway,New York
397,27,1033 N Park Ave,Tucson
398,41,"11, Place Bellecour",Lyon
399,42,"9, Place Louis Barthou",Bordeaux
400,44,Porthaninkatu 9,Helsinki
401,46,3 Chatham Street,Dublin
402,50,C/ San Bernardo 85,Madrid
403,56,307 Macacha Güemes,Buenos Aires
404,6,Rilská 3174/6,Prague
405,20,541 Del Medio Avenue,Mountain View
406,21,801 W 4th Street,Reno
407,23,69 Salem Street,Boston
408,25,319 N. Frances Street,Madison
409,29,796 Dundas Street West,Toronto
410,35,"Rua dos Campeões Europeus de Viena, 4350",Porto
411,44,Porthaninkatu 9,Helsinki
412,58,"12,Community Centre",Delhi